﻿{
    "title": "查找最大最小值",
    "description": "编写一个函数FC，该函数能够接收一个可变长度的整数数组作为输入，并返回数组中的最大值和最小值以及他们所在数组的位置。\n\n示例：\n假设输入数组为array[1..5]=[5, 10, 2, 25, 1]，函数应返回最大值25，最小值1，最大值所在位置4，最小值所在位置5。",
    "type": "FUNCTION",
    "name": "SearchMinMax_DInt",
    "input": [
        {
            "name": "values",
            "type": "Array[*] of DInt",
            "description": "待查找的数组"
        }
    ],
    "output": [
        {
            "name": "minValue",
            "type": "DInt",
            "description": "数组中的最小值"
        },
        {
            "name": "minValueIndex",
            "type": "DInt",
            "description": "最小值在数组中的位置"
        },
        {
            "name": "maxValue",
            "type": "DInt",
            "description": "数组中的最大值"
        },
        {
            "name": "maxValueIndex",
            "type": "DInt",
            "description": "最大值在数组中的位置"
        }
    ]
}
