﻿{
    "title": "浮点数区间线性化转换",
    "description": "在一些自动化控制系统中，可能需要将一个物理量（如温度、压力等）的测量值转换为另一个线性化或标准化的值，以便于控制算法的处理或显示。例如，一个传感器测量的物理量可能在特定的非线性区间内变化，但控制系统需要一个线性化的值来进行计算。\n控制要求：\n系统需要接收一个浮点数作为输入，表示原始测量值。\n根据输入值的大小，将其转换到不同的线性区间，输出转换后的线性化值。\n当输入值在1200到3600之间，则转换到150到240之间。\n当输入值在3600到4800之间，则转换到240到560之间。\n当输入值在4800到7000之间，则转换到560到720之间。\n如果输入值小于1200或大于7000，则转换后的值应为1200或7000对应的线性化值，并输出错误状态error=1，status=16#8001。",
    "type": "FUNCTION_BLOCK",
    "name": "FB_LinearizeValue",
    "input": [
        {
            "name": "InputValue",
            "type": "Real",
            "description": "浮点数输入，原始测量值"
        }
    ],
    "output": [
        {
            "name": "LinearizedValue",
            "type": "Real",
            "description": "转换后的线性化值"
        },
        {
            "name": "Error",
            "type": "Bool",
            "description": "错误状态指示\nFALSE: 没有发生错误\nTRUE: 执行出错"
        },
        {
            "name": "Status",
            "type": "Word",
            "description": "状态代码"
        }
    ]
}