﻿{
    "title": "排序",
    "description": "编写一个函数块FB，实现一个可选的升序或降序排序功能。该函数块应接受一个可变长度的整数数组（最大长度为1000个元素）以及一个指示排序方向的参数（升序或降序），并将排序后的结果写回到原数组中。如果数组元素超过了1000或不超过1个，函数块应输出一个表示错误的状态和一个错误代码。状态代码：\n16#0000：执行FB没有出错\n16#8200：数组元素没超过1个\n16#8201：数组元素超过了1000个",
    "type": "FUNCTION_BLOCK",
    "name": "ShellSort_DInt",
    "input": [
        {
            "name": "sortDirection",
            "type": "Bool",
            "description": "当为FALSE时表示升序排列，当为TRUE时表示降序排列"
        }
    ],
    "output": [
        {
            "name": "error",
            "type": "Bool",
            "description": "FALSE: 没有发生错误; TRUE: 执行FB时出错"
        },
        {
            "name": "status",
            "type": "Word",
            "description": "状态代码"
        }
    ],
    "in_out": [
        {
            "name": "array",
            "type": "Array[*] of DInt",
            "description": "待排序的数组"
        }
    ]
}
