﻿{
    "title": "随机数",
    "description": "编写一个函数FC，该函数使用PLC的时钟值在指定的范围内生成一个随机整数。\n如果指定的范围不正确或读取系统时间出错，则输出错误状态和错误代码。\n\n状态代码\n16#0000：执行FB没有出错\n16#8200：指定的范围不正确：minValue 大于 maxValue\n16#8600：读取系统时间错误",
    "type": "FUNCTION",
    "name": "RandomRange_DInt",
    "input": [
        {
            "name": "minValue",
            "type": "DInt",
            "description": "随机数范围的最小值"
        },
        {
            "name": "maxValue",
            "type": "DInt",
            "description": "随机数范围的最大值"
        }
    ],
    "output": [
        {
            "name": "error",
            "type": "Bool",
            "description": "FALSE: 没有发生错误; TRUE: 执行FB时出错"
        },
        {
            "name": "status",
            "type": "Word",
            "description": "状态代码"
        }
    ],
    "return_value": [
        {
            "type": "DInt",
            "description": "产生的随机数"
        }
    ]
}
