﻿{
    "title": "基于双向链表的配方管理系统",
    "description": "某工厂的生产线需要根据不同的配方生产多种产品。生产线的控制中心需要一个配方管理系统，允许操作员添加配方数据。\n控制要求：\n配方数据应包括原料类型、原料比例和生产温度。\n系统应允许输入新的配方数据，并将其存储在配方数据库中。\n说明：\n1. 配方以结构体Struct数据类型构建，结构体内包括原料类型ingredientType、原料比例ingredientRatio和生产温度productionTemperature。\n使用双向链表来管理配方数据库，每个配方有两个指针Prev和Next，Prev指向前一条配方位置，Next指向后一条配方位置。\nPrev为-1表示链表的第一条记录\nNext为-1表示链表的最后一条记录\n如果两个指针Prev和Next都为-1，表示空记录\n2. 在添加配方时：\n如果配方数据库是空表，则添加在数组的首位置，并把Next指向数组的第二个位置；\n如果配方数据库不是空表，则新配方添加在链表尾部。",
    "type": "FUNCTION",
    "name": "AddRecipeLinkedList",
    "input": [
        {
            "name": "exe",
            "type": "Bool",
            "description": "启动添加配方"
        },
        {
            "name": "recipeAdded",
            "type": "Struct",
            "description": "要添加的配方",
            "fields": [
                {
                    "name": "ingredientType",
                    "type": "Int",
                    "description": "原料类型"
                },
                {
                    "name": "ingredientRatio",
                    "type": "Real",
                    "description": "原料比例"
                },
                {
                    "name": "productionTemperature",
                    "type": "Real",
                    "description": "生产温度"
                }
            ]
        }
    ],
    "in/out": [
        {
            "name": "recipeList",
            "type": "Array[0..19] of Struct",
            "description": "配方数据库",
            "fields": [
                {
                    "name": "Prev",
                    "type": "DInt",
                    "description": "前项指针，指向前一条配方的数组索引号"
                },
                {
                    "name": "Next",
                    "type": "DInt",
                    "description": "后项指针，指向后一条配方的数组索引号"
                },
                {
                    "name": "recipe",
                    "type": "Struct",
                    "description": "配方",
                    "fields": [
                        {
                            "name": "ingredientType",
                            "type": "Int",
                            "description": "原料类型"
                        },
                        {
                            "name": "ingredientRatio",
                            "type": "Real",
                            "description": "原料比例"
                        },
                        {
                            "name": "productionTemperature",
                            "type": "Real",
                            "description": "生产温度"
                        }
                    ]
                }
            ]
        }
    ]
}