﻿{
    "title": "输送线控制系统",
    "description": "设计一个PLC程序来控制一个输送线系统，该系统用于将三种不同规格的工件分别运输到指定的仓库，并根据工件的编号和规格信息进行分类存储。\n控制要求：\n输送线从起始工位开始，依次经过1#工位、2#工位、3#工位。\n每个工位都有检测元件，用于检测是否有工件存在。\n工件具有规格信息和唯一的编号，系统需要根据规格将工件运输到对应工位，并存储到相应仓库。\n工件规格分类：\n小型工件：1#仓库\n中型工件：2#仓库\n大型工件：3#仓库\n当起始站传感器SensorStart检测到有工件，并且按下启动按钮StartButton时，触发传送带运行命令ConveyorRun=true。根据工件规格PartSpec，将工件运输到对应工位，对应工位的传感器（Sensor1、Sensor2、Sensor3）检测到工件后，传送带停止ConveyorRun=false。对应工位卸货完成后（相应UnloadComplete1、UnloadComplete2、UnloadComplete3为TRUE），把工件编号PartNumber存储到对应的数据库（WarehouseDatabase1、WarehouseDatabase2、WarehouseDatabase3）中。",
    "type": "FUNCTION_BLOCK",
    "name": "ConveyorSystem",
    "input": [
        {
            "name": "StartButton",
            "type": "Bool",
            "description": "启动按钮"
        },
        {
            "name": "SensorStart",
            "type": "Bool",
            "description": "起始站传感器"
        },
        {
            "name": "Sensor1",
            "type": "Bool",
            "description": "1#站传感器"
        },
        {
            "name": "Sensor2",
            "type": "Bool",
            "description": "2#站传感器"
        },
        {
            "name": "Sensor3",
            "type": "Bool",
            "description": "3#站传感器"
        },
        {
            "name": "UnloadComplete1",
            "type": "Bool",
            "description": "1#站卸货完成信号"
        },
        {
            "name": "UnloadComplete2",
            "type": "Bool",
            "description": "2#站卸货完成信号"
        },
        {
            "name": "UnloadComplete3",
            "type": "Bool",
            "description": "3#站卸货完成信号"
        },
        {
            "name": "PartSpec",
            "type": "Int",
            "description": "工件规格"
        },
        {
            "name": "PartNumber",
            "type": "Int",
            "description": "工件编号"
        }
    ],
    "output": [
        {
            "name": "ConveyorRun",
            "type": "Bool",
            "description": "传送带运行"
        },
        {
            "name": "WarehouseDatabase1",
            "type": "Array[1..10] of Int",
            "description": "1#仓库数据库"
        },
        {
            "name": "WarehouseDatabase2",
            "type": "Array[1..10] of Int",
            "description": "2#仓库数据库"
        },
        {
            "name": "WarehouseDatabase3",
            "type": "Array[1..10] of Int",
            "description": "3#仓库数据库"
        }
    ]
}