﻿{
    "title": "特殊堆栈",
    "description": "编写一个函数块FB，实现一个特殊堆栈功能，在出栈时移除栈内的最小值。\n1. 入栈操作：当新元素入栈时，首先检查栈是否为满。如果栈为满，则不进行任何操作。否则，将其添加到数组的栈顶位置，并更新栈顶位置。\n2. 出栈操作：当执行出栈操作时，首先检查栈是否为空。如果栈为空，则不进行任何操作。否则，移除栈内的最小值，并返回该元素的值，同时更新栈顶位置。\n状态代码：\n16#0000：执行FB没有出错\n16#8A04：堆栈是满的\n16#8A05：堆栈是空的",
    "type": "FUNCTION_BLOCK",
    "name": "StackMin",
    "input": [
        {
            "name": "push",
            "type": "Bool",
            "description": "入栈操作，在栈未满的情况下，将一个元素添加到栈内"
        },
        {
            "name": "pop",
            "type": "Bool",
            "description": "出栈操作，在栈不空的情况下，从栈内移除最小值元素，并返回该元素的值。"
        },
        {
            "name": "reset",
            "type": "Bool",
            "description": "复位操作，栈顶位置将被重置。"
        }
    ],
    "output": [
        {
            "name": "error",
            "type": "Bool",
            "description": "FALSE: 没有发生错误; TRUE: 执行FB时出错"
        },
        {
            "name": "status",
            "type": "Word",
            "description": "状态代码"
        }
    ],
    "in_out": [
        {
            "name": "item",
            "type": "Int",
            "description": "用于入栈或从栈内返回的值"
        },
        {
            "name": "stack",
            "type": "Array[0..3] of Int",
            "description": "用于作为栈的数组"
        }
    ]
}
